"filename", "language", "C++", "CMake", "Batch", "Markdown", "YAML", "Swift", "JavaScript", "HTML", "JSON", "XML", "Dart", "Properties", "Gradle", "Kotlin", "WebAssembly Text Format", "comment", "blank", "total"
"i:\Dext\README.md", "Markdown", 0, 0, 0, 195, 0, 0, 0, 0, 0, 0, 0, 0, 0, 0, 0, 0, 62, 257
"i:\Dext\StartForMuMu.bat", "Batch", 0, 0, 5, 0, 0, 0, 0, 0, 0, 0, 0, 0, 0, 0, 0, 0, 0, 5
"i:\Dext\analysis_options.yaml", "YAML", 0, 0, 0, 0, 3, 0, 0, 0, 0, 0, 0, 0, 0, 0, 0, 22, 4, 29
"i:\Dext\android\app\build.gradle", "Gradle", 0, 0, 0, 0, 0, 0, 0, 0, 0, 0, 0, 0, 61, 0, 0, 3, 12, 76
"i:\Dext\android\app\src\debug\AndroidManifest.xml", "XML", 0, 0, 0, 0, 0, 0, 0, 0, 0, 3, 0, 0, 0, 0, 0, 4, 1, 8
"i:\Dext\android\app\src\main\AndroidManifest.xml", "XML", 0, 0, 0, 0, 0, 0, 0, 0, 0, 51, 0, 0, 0, 0, 0, 13, 3, 67
"i:\Dext\android\app\src\main\kotlin\com\wucode\Dext\MainActivity.kt", "Kotlin", 0, 0, 0, 0, 0, 0, 0, 0, 0, 0, 0, 0, 0, 10, 0, 1, 4, 15
"i:\Dext\android\app\src\main\res\drawable-v21\launch_background.xml", "XML", 0, 0, 0, 0, 0, 0, 0, 0, 0, 4, 0, 0, 0, 0, 0, 7, 2, 13
"i:\Dext\android\app\src\main\res\drawable\launch_background.xml", "XML", 0, 0, 0, 0, 0, 0, 0, 0, 0, 4, 0, 0, 0, 0, 0, 7, 2, 13
"i:\Dext\android\app\src\main\res\values-night\styles.xml", "XML", 0, 0, 0, 0, 0, 0, 0, 0, 0, 9, 0, 0, 0, 0, 0, 9, 1, 19
"i:\Dext\android\app\src\main\res\values\styles.xml", "XML", 0, 0, 0, 0, 0, 0, 0, 0, 0, 9, 0, 0, 0, 0, 0, 9, 1, 19
"i:\Dext\android\app\src\profile\AndroidManifest.xml", "XML", 0, 0, 0, 0, 0, 0, 0, 0, 0, 3, 0, 0, 0, 0, 0, 4, 1, 8
"i:\Dext\android\build.gradle.kts", "Kotlin", 0, 0, 0, 0, 0, 0, 0, 0, 0, 0, 0, 0, 0, 44, 0, 4, 5, 53
"i:\Dext\android\gradle.properties", "Properties", 0, 0, 0, 0, 0, 0, 0, 0, 0, 0, 0, 13, 0, 0, 0, 0, 4, 17
"i:\Dext\android\gradle\wrapper\gradle-wrapper.properties", "Properties", 0, 0, 0, 0, 0, 0, 0, 0, 0, 0, 0, 5, 0, 0, 0, 0, 1, 6
"i:\Dext\android\settings.gradle.kts", "Kotlin", 0, 0, 0, 0, 0, 0, 0, 0, 0, 0, 0, 0, 0, 21, 0, 0, 5, 26
"i:\Dext\devtools_options.yaml", "YAML", 0, 0, 0, 0, 5, 0, 0, 0, 0, 0, 0, 0, 0, 0, 0, 0, 0, 5
"i:\Dext\forui.yaml", "YAML", 0, 0, 0, 0, 4, 0, 0, 0, 0, 0, 0, 0, 0, 0, 0, 3, 3, 10
"i:\Dext\ios\RunnerTests\RunnerTests.swift", "Swift", 0, 0, 0, 0, 0, 7, 0, 0, 0, 0, 0, 0, 0, 0, 0, 2, 4, 13
"i:\Dext\ios\Runner\AppDelegate.swift", "Swift", 0, 0, 0, 0, 0, 12, 0, 0, 0, 0, 0, 0, 0, 0, 0, 0, 2, 14
"i:\Dext\ios\Runner\Assets.xcassets\AppIcon.appiconset\Contents.json", "JSON", 0, 0, 0, 0, 0, 0, 0, 0, 122, 0, 0, 0, 0, 0, 0, 0, 1, 123
"i:\Dext\ios\Runner\Assets.xcassets\LaunchImage.imageset\Contents.json", "JSON", 0, 0, 0, 0, 0, 0, 0, 0, 23, 0, 0, 0, 0, 0, 0, 0, 1, 24
"i:\Dext\ios\Runner\Assets.xcassets\LaunchImage.imageset\README.md", "Markdown", 0, 0, 0, 3, 0, 0, 0, 0, 0, 0, 0, 0, 0, 0, 0, 0, 2, 5
"i:\Dext\ios\Runner\Base.lproj\LaunchScreen.storyboard", "XML", 0, 0, 0, 0, 0, 0, 0, 0, 0, 36, 0, 0, 0, 0, 0, 1, 1, 38
"i:\Dext\ios\Runner\Base.lproj\Main.storyboard", "XML", 0, 0, 0, 0, 0, 0, 0, 0, 0, 25, 0, 0, 0, 0, 0, 1, 1, 27
"i:\Dext\ios\Runner\Runner-Bridging-Header.h", "C++", 1, 0, 0, 0, 0, 0, 0, 0, 0, 0, 0, 0, 0, 0, 0, 0, 1, 2
"i:\Dext\lib\app_navigator.dart", "Dart", 0, 0, 0, 0, 0, 0, 0, 0, 0, 0, 2, 0, 0, 0, 0, 1, 2, 5
"i:\Dext\lib\components\bottom_nav_actions.dart", "Dart", 0, 0, 0, 0, 0, 0, 0, 0, 0, 0, 0, 0, 0, 0, 0, 1, 0, 1
"i:\Dext\lib\components\glass_card.dart", "Dart", 0, 0, 0, 0, 0, 0, 0, 0, 0, 0, 60, 0, 0, 0, 0, 3, 6, 69
"i:\Dext\lib\components\media_gallery.dart", "Dart", 0, 0, 0, 0, 0, 0, 0, 0, 0, 0, 113, 0, 0, 0, 0, 5, 8, 126
"i:\Dext\lib\components\multi_select_actions.dart", "Dart", 0, 0, 0, 0, 0, 0, 0, 0, 0, 0, 226, 0, 0, 0, 0, 9, 19, 254
"i:\Dext\lib\components\survey_actions.dart", "Dart", 0, 0, 0, 0, 0, 0, 0, 0, 0, 0, 258, 0, 0, 0, 0, 2, 14, 274
"i:\Dext\lib\components\video_player_widget.dart", "Dart", 0, 0, 0, 0, 0, 0, 0, 0, 0, 0, 342, 0, 0, 0, 0, 20, 30, 392
"i:\Dext\lib\controllers\survey_runtime.dart", "Dart", 0, 0, 0, 0, 0, 0, 0, 0, 0, 0, 92, 0, 0, 0, 0, 18, 20, 130
"i:\Dext\lib\main.dart", "Dart", 0, 0, 0, 0, 0, 0, 0, 0, 0, 0, 586, 0, 0, 0, 0, 40, 57, 683
"i:\Dext\lib\models\captcha.dart", "Dart", 0, 0, 0, 0, 0, 0, 0, 0, 0, 0, 120, 0, 0, 0, 0, 1, 17, 138
"i:\Dext\lib\models\home_state.dart", "Dart", 0, 0, 0, 0, 0, 0, 0, 0, 0, 0, 77, 0, 0, 0, 0, 5, 16, 98
"i:\Dext\lib\models\paginated_response.dart", "Dart", 0, 0, 0, 0, 0, 0, 0, 0, 0, 0, 37, 0, 0, 0, 0, 0, 4, 41
"i:\Dext\lib\models\project.dart", "Dart", 0, 0, 0, 0, 0, 0, 0, 0, 0, 0, 65, 0, 0, 0, 0, 0, 4, 69
"i:\Dext\lib\models\question.dart", "Dart", 0, 0, 0, 0, 0, 0, 0, 0, 0, 0, 239, 0, 0, 0, 0, 10, 27, 276
"i:\Dext\lib\models\survey.dart", "Dart", 0, 0, 0, 0, 0, 0, 0, 0, 0, 0, 89, 0, 0, 0, 0, 0, 4, 93
"i:\Dext\lib\models\survey_result.dart", "Dart", 0, 0, 0, 0, 0, 0, 0, 0, 0, 0, 72, 0, 0, 0, 0, 0, 8, 80
"i:\Dext\lib\models\survey_stats.dart", "Dart", 0, 0, 0, 0, 0, 0, 0, 0, 0, 0, 62, 0, 0, 0, 0, 5, 5, 72
"i:\Dext\lib\models\user.dart", "Dart", 0, 0, 0, 0, 0, 0, 0, 0, 0, 0, 94, 0, 0, 0, 0, 2, 6, 102
"i:\Dext\lib\pages\create_survey_page.dart", "Dart", 0, 0, 0, 0, 0, 0, 0, 0, 0, 0, 524, 0, 0, 0, 0, 4, 22, 550
"i:\Dext\lib\pages\edit_question_page.dart", "Dart", 0, 0, 0, 0, 0, 0, 0, 0, 0, 0, 1295, 0, 0, 0, 0, 47, 86, 1428
"i:\Dext\lib\pages\edit_survey_content_page.dart", "Dart", 0, 0, 0, 0, 0, 0, 0, 0, 0, 0, 695, 0, 0, 0, 0, 19, 43, 757
"i:\Dext\lib\pages\edit_survey_page.dart", "Dart", 0, 0, 0, 0, 0, 0, 0, 0, 0, 0, 845, 0, 0, 0, 0, 22, 48, 915
"i:\Dext\lib\pages\frame_page.dart", "Dart", 0, 0, 0, 0, 0, 0, 0, 0, 0, 0, 982, 0, 0, 0, 0, 13, 54, 1049
"i:\Dext\lib\pages\fullscreen_media_viewer.dart", "Dart", 0, 0, 0, 0, 0, 0, 0, 0, 0, 0, 1084, 0, 0, 0, 0, 74, 108, 1266
"i:\Dext\lib\pages\home_history_content.dart", "Dart", 0, 0, 0, 0, 0, 0, 0, 0, 0, 0, 626, 0, 0, 0, 0, 6, 36, 668
"i:\Dext\lib\pages\home_main_content.dart", "Dart", 0, 0, 0, 0, 0, 0, 0, 0, 0, 0, 279, 0, 0, 0, 0, 11, 10, 300
"i:\Dext\lib\pages\home_page.dart", "Dart", 0, 0, 0, 0, 0, 0, 0, 0, 0, 0, 166, 0, 0, 0, 0, 3, 11, 180
"i:\Dext\lib\pages\home_settings_content.dart", "Dart", 0, 0, 0, 0, 0, 0, 0, 0, 0, 0, 363, 0, 0, 0, 0, 7, 27, 397
"i:\Dext\lib\pages\login_page.dart", "Dart", 0, 0, 0, 0, 0, 0, 0, 0, 0, 0, 774, 0, 0, 0, 0, 29, 56, 859
"i:\Dext\lib\pages\project_page.dart", "Dart", 0, 0, 0, 0, 0, 0, 0, 0, 0, 0, 840, 0, 0, 0, 0, 23, 63, 926
"i:\Dext\lib\pages\project_surveys_page.dart", "Dart", 0, 0, 0, 0, 0, 0, 0, 0, 0, 0, 309, 0, 0, 0, 0, 6, 23, 338
"i:\Dext\lib\pages\public_access_page.dart", "Dart", 0, 0, 0, 0, 0, 0, 0, 0, 0, 0, 352, 0, 0, 0, 0, 12, 27, 391
"i:\Dext\lib\pages\public_survey_page.dart", "Dart", 0, 0, 0, 0, 0, 0, 0, 0, 0, 0, 566, 0, 0, 0, 0, 31, 55, 652
"i:\Dext\lib\pages\submission_detail_page.dart", "Dart", 0, 0, 0, 0, 0, 0, 0, 0, 0, 0, 239, 0, 0, 0, 0, 12, 23, 274
"i:\Dext\lib\pages\survey_page.dart", "Dart", 0, 0, 0, 0, 0, 0, 0, 0, 0, 0, 1024, 0, 0, 0, 0, 38, 76, 1138
"i:\Dext\lib\pages\survey_preview_page.dart", "Dart", 0, 0, 0, 0, 0, 0, 0, 0, 0, 0, 262, 0, 0, 0, 0, 18, 20, 300
"i:\Dext\lib\pages\survey_results_page.dart", "Dart", 0, 0, 0, 0, 0, 0, 0, 0, 0, 0, 1269, 0, 0, 0, 0, 41, 71, 1381
"i:\Dext\lib\services\api_service.dart", "Dart", 0, 0, 0, 0, 0, 0, 0, 0, 0, 0, 2378, 0, 0, 0, 0, 175, 363, 2916
"i:\Dext\lib\services\auth_service.dart", "Dart", 0, 0, 0, 0, 0, 0, 0, 0, 0, 0, 130, 0, 0, 0, 0, 1, 12, 143
"i:\Dext\lib\services\clipboard_service.dart", "Dart", 0, 0, 0, 0, 0, 0, 0, 0, 0, 0, 206, 0, 0, 0, 0, 21, 33, 260
"i:\Dext\lib\services\core\api_core.dart", "Dart", 0, 0, 0, 0, 0, 0, 0, 0, 0, 0, 148, 0, 0, 0, 0, 5, 31, 184
"i:\Dext\lib\services\crypto_service.dart", "Dart", 0, 0, 0, 0, 0, 0, 0, 0, 0, 0, 130, 0, 0, 0, 0, 20, 37, 187
"i:\Dext\lib\services\oauth_service.dart", "Dart", 0, 0, 0, 0, 0, 0, 0, 0, 0, 0, 531, 0, 0, 0, 0, 42, 71, 644
"i:\Dext\lib\services\project_service.dart", "Dart", 0, 0, 0, 0, 0, 0, 0, 0, 0, 0, 149, 0, 0, 0, 0, 1, 22, 172
"i:\Dext\lib\services\survey_service.dart", "Dart", 0, 0, 0, 0, 0, 0, 0, 0, 0, 0, 311, 0, 0, 0, 0, 4, 33, 348
"i:\Dext\lib\services\url_handler.dart", "Dart", 0, 0, 0, 0, 0, 0, 0, 0, 0, 0, 88, 0, 0, 0, 0, 12, 22, 122
"i:\Dext\lib\services\url_handler_stub.dart", "Dart", 0, 0, 0, 0, 0, 0, 0, 0, 0, 0, 3, 0, 0, 0, 0, 0, 2, 5
"i:\Dext\lib\services\url_handler_web.dart", "Dart", 0, 0, 0, 0, 0, 0, 0, 0, 0, 0, 15, 0, 0, 0, 0, 2, 3, 20
"i:\Dext\lib\services\web_oauth_handler.dart", "Dart", 0, 0, 0, 0, 0, 0, 0, 0, 0, 0, 104, 0, 0, 0, 0, 24, 24, 152
"i:\Dext\lib\services\web_oauth_handler_stub.dart", "Dart", 0, 0, 0, 0, 0, 0, 0, 0, 0, 0, 23, 0, 0, 0, 0, 1, 4, 28
"i:\Dext\lib\theme\theme.dart", "Dart", 0, 0, 0, 0, 0, 0, 0, 0, 0, 0, 93, 0, 0, 0, 0, 4, 6, 103
"i:\Dext\lib\theme\zincx_theme.dart", "Dart", 0, 0, 0, 0, 0, 0, 0, 0, 0, 0, 146, 0, 0, 0, 0, 13, 13, 172
"i:\Dext\lib\utils\date_format.dart", "Dart", 0, 0, 0, 0, 0, 0, 0, 0, 0, 0, 27, 0, 0, 0, 0, 7, 3, 37
"i:\Dext\lib\widgets\app_layout.dart", "Dart", 0, 0, 0, 0, 0, 0, 0, 0, 0, 0, 31, 0, 0, 0, 0, 1, 3, 35
"i:\Dext\lib\widgets\dashboard_chart.dart", "Dart", 0, 0, 0, 0, 0, 0, 0, 0, 0, 0, 278, 0, 0, 0, 0, 14, 19, 311
"i:\Dext\lib\widgets\dashboard_stats_card.dart", "Dart", 0, 0, 0, 0, 0, 0, 0, 0, 0, 0, 69, 0, 0, 0, 0, 0, 5, 74
"i:\Dext\lib\widgets\frosted_glass_background.dart", "Dart", 0, 0, 0, 0, 0, 0, 0, 0, 0, 0, 251, 0, 0, 0, 0, 28, 44, 323
"i:\Dext\lib\widgets\line_chart.dart", "Dart", 0, 0, 0, 0, 0, 0, 0, 0, 0, 0, 196, 0, 0, 0, 0, 0, 30, 226
"i:\Dext\lib\widgets\question_display_widget.dart", "Dart", 0, 0, 0, 0, 0, 0, 0, 0, 0, 0, 581, 0, 0, 0, 0, 14, 44, 639
"i:\Dext\lib\widgets\recent_survey_responses_list.dart", "Dart", 0, 0, 0, 0, 0, 0, 0, 0, 0, 0, 282, 0, 0, 0, 0, 4, 18, 304
"i:\Dext\lib\widgets\rotating_text.dart", "Dart", 0, 0, 0, 0, 0, 0, 0, 0, 0, 0, 280, 0, 0, 0, 0, 5, 41, 326
"i:\Dext\lib\widgets\top_safe_spacer.dart", "Dart", 0, 0, 0, 0, 0, 0, 0, 0, 0, 0, 19, 0, 0, 0, 0, 1, 4, 24
"i:\Dext\lib\widgets\window_caption.dart", "Dart", 0, 0, 0, 0, 0, 0, 0, 0, 0, 0, 147, 0, 0, 0, 0, 6, 15, 168
"i:\Dext\linux\flutter\CMakeLists.txt", "CMake", 0, 79, 0, 0, 0, 0, 0, 0, 0, 0, 0, 0, 0, 0, 0, 0, 10, 89
"i:\Dext\linux\flutter\generated_plugin_registrant.cc", "C++", 51, 0, 0, 0, 0, 0, 0, 0, 0, 0, 0, 0, 0, 0, 0, 4, 5, 60
"i:\Dext\linux\flutter\generated_plugin_registrant.h", "C++", 5, 0, 0, 0, 0, 0, 0, 0, 0, 0, 0, 0, 0, 0, 0, 5, 6, 16
"i:\Dext\linux\flutter\generated_plugins.cmake", "CMake", 0, 30, 0, 0, 0, 0, 0, 0, 0, 0, 0, 0, 0, 0, 0, 0, 6, 36
"i:\Dext\linux\runner\CMakeLists.txt", "CMake", 0, 21, 0, 0, 0, 0, 0, 0, 0, 0, 0, 0, 0, 0, 0, 0, 6, 27
"i:\Dext\linux\runner\main.cc", "C++", 5, 0, 0, 0, 0, 0, 0, 0, 0, 0, 0, 0, 0, 0, 0, 0, 2, 7
"i:\Dext\linux\runner\my_application.h", "C++", 7, 0, 0, 0, 0, 0, 0, 0, 0, 0, 0, 0, 0, 0, 0, 7, 5, 19
"i:\Dext\macos\Flutter\GeneratedPluginRegistrant.swift", "Swift", 0, 0, 0, 0, 0, 40, 0, 0, 0, 0, 0, 0, 0, 0, 0, 3, 4, 47
"i:\Dext\macos\RunnerTests\RunnerTests.swift", "Swift", 0, 0, 0, 0, 0, 7, 0, 0, 0, 0, 0, 0, 0, 0, 0, 2, 4, 13
"i:\Dext\macos\Runner\AppDelegate.swift", "Swift", 0, 0, 0, 0, 0, 11, 0, 0, 0, 0, 0, 0, 0, 0, 0, 0, 3, 14
"i:\Dext\macos\Runner\Assets.xcassets\AppIcon.appiconset\Contents.json", "JSON", 0, 0, 0, 0, 0, 0, 0, 0, 68, 0, 0, 0, 0, 0, 0, 0, 1, 69
"i:\Dext\macos\Runner\Base.lproj\MainMenu.xib", "XML", 0, 0, 0, 0, 0, 0, 0, 0, 0, 343, 0, 0, 0, 0, 0, 0, 1, 344
"i:\Dext\macos\Runner\MainFlutterWindow.swift", "Swift", 0, 0, 0, 0, 0, 12, 0, 0, 0, 0, 0, 0, 0, 0, 0, 0, 4, 16
"i:\Dext\pubspec.yaml", "YAML", 0, 0, 0, 0, 59, 0, 0, 0, 0, 0, 0, 0, 0, 0, 0, 17, 11, 87
"i:\Dext\web\assets\packages\fast_rsa\web\assets\rsa.wasm", "WebAssembly Text Format", 0, 0, 0, 0, 0, 0, 0, 0, 0, 0, 0, 0, 0, 0, 82632, 0, 8868, 91500
"i:\Dext\web\assets\packages\fast_rsa\web\assets\wasm_exec.js", "JavaScript", 0, 0, 0, 0, 0, 0, 478, 0, 0, 0, 0, 0, 0, 0, 0, 36, 62, 576
"i:\Dext\web\assets\packages\fast_rsa\web\assets\worker.js", "JavaScript", 0, 0, 0, 0, 0, 0, 77, 0, 0, 0, 0, 0, 0, 0, 0, 0, 11, 88
"i:\Dext\web\index.html", "HTML", 0, 0, 0, 0, 0, 0, 0, 95, 0, 0, 0, 0, 0, 0, 0, 15, 8, 118
"i:\Dext\web\manifest.json", "JSON", 0, 0, 0, 0, 0, 0, 0, 0, 35, 0, 0, 0, 0, 0, 0, 0, 1, 36
"i:\Dext\web\oauth_callback.html", "HTML", 0, 0, 0, 0, 0, 0, 0, 79, 0, 0, 0, 0, 0, 0, 0, 0, 4, 83
"i:\Dext\windows\CMakeLists.txt", "CMake", 0, 138, 0, 0, 0, 0, 0, 0, 0, 0, 0, 0, 0, 0, 0, 0, 22, 160
"i:\Dext\windows\flutter\CMakeLists.txt", "CMake", 0, 98, 0, 0, 0, 0, 0, 0, 0, 0, 0, 0, 0, 0, 0, 0, 12, 110
"i:\Dext\windows\flutter\generated_plugin_registrant.cc", "C++", 42, 0, 0, 0, 0, 0, 0, 0, 0, 0, 0, 0, 0, 0, 0, 4, 5, 51
"i:\Dext\windows\flutter\generated_plugin_registrant.h", "C++", 5, 0, 0, 0, 0, 0, 0, 0, 0, 0, 0, 0, 0, 0, 0, 5, 6, 16
"i:\Dext\windows\flutter\generated_plugins.cmake", "CMake", 0, 31, 0, 0, 0, 0, 0, 0, 0, 0, 0, 0, 0, 0, 0, 0, 6, 37
"i:\Dext\windows\runner\CMakeLists.txt", "CMake", 0, 34, 0, 0, 0, 0, 0, 0, 0, 0, 0, 0, 0, 0, 0, 0, 7, 41
"i:\Dext\windows\runner\flutter_window.cpp", "C++", 49, 0, 0, 0, 0, 0, 0, 0, 0, 0, 0, 0, 0, 0, 0, 7, 16, 72
"i:\Dext\windows\runner\flutter_window.h", "C++", 20, 0, 0, 0, 0, 0, 0, 0, 0, 0, 0, 0, 0, 0, 0, 5, 9, 34
"i:\Dext\windows\runner\main.cpp", "C++", 30, 0, 0, 0, 0, 0, 0, 0, 0, 0, 0, 0, 0, 0, 0, 4, 10, 44
"i:\Dext\windows\runner\resource.h", "C++", 9, 0, 0, 0, 0, 0, 0, 0, 0, 0, 0, 0, 0, 0, 0, 6, 2, 17
"i:\Dext\windows\runner\utils.cpp", "C++", 54, 0, 0, 0, 0, 0, 0, 0, 0, 0, 0, 0, 0, 0, 0, 2, 10, 66
"i:\Dext\windows\runner\utils.h", "C++", 8, 0, 0, 0, 0, 0, 0, 0, 0, 0, 0, 0, 0, 0, 0, 6, 6, 20
"i:\Dext\windows\runner\win32_window.cpp", "C++", 210, 0, 0, 0, 0, 0, 0, 0, 0, 0, 0, 0, 0, 0, 0, 24, 55, 289
"i:\Dext\windows\runner\win32_window.h", "C++", 48, 0, 0, 0, 0, 0, 0, 0, 0, 0, 0, 0, 0, 0, 0, 31, 24, 103
"Total", "-", 544, 431, 5, 198, 71, 89, 555, 174, 248, 487, 21644, 18, 61, 75, 82632, 1216, 11344, 119792